F1,37,97,Little my low international miss.
2,1,42,Yeah life now only.
3,4,189,Seem day show west gas wait.
4,28,11,Water write statement teacher.
5,4,173,Just response treatment light.
6,17,120,Hour owner approach bad seat drop.
7,18,52,Writer make old.
8,66,90,Where military we if kind list often.
9,90,112,Will billion miss act happen listen.
10,62,101,Figure field focus indicate suggest.
11,17,99,Experience spring analysis sure put law ground.
12,96,107,Information she book wall.
13,17,8,Husband station guess news choose.
14,70,78,Body establish seem successful run environmental structure.
15,73,26,Cut real natural condition.
16,28,147,Manager care hold kitchen significant pretty.
17,2,21,Quite room total box nor.
18,75,120,Project hundred important financial.
19,32,109,Consider rest much bed prove some.
20,63,66,Fast idea though establish address.
21,34,69,Such statement bed.
22,23,71,Discover exactly baby stage position use.
23,61,46,Improve by move size whole maybe.
24,39,90,Once forget piece throughout catch.
25,34,138,Country sort country scientist.
26,90,187,Outside organization Mr student set game attack.
27,19,27,Set tonight yeah make.
28,57,39,Perhaps strategy land wonder writer brother collection method.
29,2,117,Prevent first adult two.
30,25,80,National already film pick few.
31,98,57,Outside paper full along course guy.
32,27,50,Case seat interest left fact machine economy.
33,37,38,Minute interest society describe road.
34,23,82,Organization Mrs party.
35,61,167,Box everything nation election long statement in.
36,31,66,Design short should where face.
37,31,79,Place style former later opportunity student once.
38,91,13,Attack within this system.
39,84,146,Then admit us then require.
40,91,164,Article answer career model.
41,87,111,Thought result color war write to democratic foreign.
42,50,183,Movement some candidate four.
43,13,3,This high up minute second assume thousand.
44,5,119,Nothing pull green claim off city past.
45,11,172,Including practice join focus southern.
46,68,153,Magazine trade that.
47,18,168,Civil with study middle reduce.
48,7,88,Whole sort structure.
49,67,103,Pick would sea impact note.
50,20,69,Them why low.
51,5,84,Simple bad put page something you Mrs.
52,95,84,Receive speech better other police yet house city.
53,100,152,Agent vote bar economy offer into card.
54,11,71,Worker member through also.
55,67,71,Group water determine although significant.
56,51,94,Dinner economy stand nation available local new.
57,63,144,Green eight ago camera so upon professor suggest.
58,73,68,Idea other institution various.
59,41,174,Mouth usually business through person.
60,33,117,Debate and of especially do.
61,8,133,Machine space shake later his.
62,86,34,Question laugh fact attention sit.
63,23,57,Production describe mother society become option fire.
64,67,66,Ball exist mother TV home any.
65,26,36,Part example ok body social happy forward.
66,47,191,Country concern class them.
67,35,177,Though room both watch always wide return.
68,58,46,Even through general oil away specific turn.
69,82,147,Create instead dinner grow election gun statement.
70,50,88,Much cover perhaps father value.
71,57,200,Others box usually week.
72,45,170,Poor add board place will hospital.
73,27,60,Officer cost knowledge.
74,44,19,Job feeling mind school although forward risk.
75,42,143,Offer red charge memory.
76,99,179,Past occur memory shoulder painting.
77,87,101,Data bring traditional military magazine seat debate method.
78,43,153,Movement save end certainly.
79,78,164,Fear anyone off want likely group.
80,100,44,Network property now feeling.
81,82,32,Myself read under life moment consumer candidate report.
82,53,104,Concern concern itself attack change.
83,21,189,Group join us though and.
84,69,111,Raise happy necessary real.
85,28,84,Will clear various analysis course.
86,70,80,Wonder blood evidence action quality collection.
87,80,153,Be white guess whom.
88,87,67,Scientist suggest soon miss court message company myself.
89,41,42,Avoid difference those defense arm.
90,44,5,Can action suddenly difficult debate.
91,68,94,Hope color should happen painting sure.
92,62,101,Do wife student heavy indeed.
93,60,28,Plan nation resource.
94,28,195,Term scene month owner know.
95,11,165,Serious others practice cost seat.
96,35,93,Hair subject buy on.
97,17,54,History recognize light time whose part.
98,38,188,Us data operation sound western power.
99,58,29,Model site vote change finish.
100,44,83,Nature look employee newspaper take approach floor.
101,38,23,Son rate skin official work crime.
102,23,54,Meeting show camera authority few turn or.
103,99,1,Somebody produce born choose full.
104,10,102,Art information student most economic economic.
105,89,32,Rather on magazine nor become effort popular.
106,99,152,Almost college carry whom throughout recent risk total.
107,84,80,Officer left not standard population expert.
108,61,179,Customer relationship others throw bit agency Democrat.
109,78,60,Bad road morning owner after Republican threat pay.
110,22,148,Buy art song manager.
111,49,67,Ten book image day economy officer occur.
112,25,60,Let common degree send perhaps my.
113,61,118,Option perform design research pretty start.
114,93,18,Executive choice single care.
115,5,180,System bar loss audience.
116,15,10,Each both east reason never gun family.
117,7,120,Understand could economy board professor put.
118,64,70,Day customer result believe off two.
119,5,18,Stop exactly whose describe by require this.
120,86,67,War girl good.
121,20,68,Require speech particular minute to growth.
122,50,55,Final parent expect scientist admit offer stuff.
123,37,139,Dream win today second.
124,22,95,Cause these page health go.
125,1,27,Yard spring write care everybody might drop already.
126,13,132,Theory one both east both contain still.
127,27,184,Suffer major young water prepare.
128,31,116,Seem our economy will left.
129,35,177,Prevent success second bad.
130,14,49,Amount dinner gas.
131,55,114,Yet word do perhaps more student.
132,36,90,Alone grow personal choose receive last.
133,88,20,Such exist ball artist.
134,13,122,Television poor itself ready.
135,97,143,Arrive price own deal pull usually side.
136,73,56,Everything these list let.
137,44,5,Worker them situation sea.
138,85,124,Name course discover project.
139,82,90,Former most budget politics make less.
140,61,128,Full sport car program apply myself.
141,41,178,Safe Congress drop worker into.
142,81,30,Parent employee agency material partner citizen.
143,5,90,Answer often ask service.
144,53,158,Section dog age big carry keep white.
145,75,60,Huge cut before.
146,38,33,Key town need.
147,66,78,Environmental many ahead everyone throughout.
148,63,161,Available room population.
149,69,16,Owner computer artist plan.
150,17,4,Claim small official property despite.
151,48,140,Fund season sell help too.
152,75,138,Minute just southern low.
153,86,109,Bag miss magazine last American meet miss base.
154,82,18,Church choice help.
155,50,91,Strong fish sea save quickly never.
156,83,115,Both street important when tough rule section.
157,37,163,Possible million base source wrong my.
158,54,69,Cup box carry when.
159,93,190,Door represent agency speech some painting per.
160,59,35,Attention lay reason power animal.
161,26,160,Stand people cost.
162,16,24,Five relate point our north back ask.
163,73,50,Thought five age rate care easy top.
164,43,19,Western full meet report.
165,50,102,Because camera cell free court last.
166,55,27,Hundred travel front design reason.
167,39,3,Leave really and those again have recognize.
168,43,28,Adult throughout audience behavior worry.
169,52,133,Sport check sell moment attorney within travel use.
170,44,163,Wear even station entire our usually anyone.
171,59,52,All day artist must woman.
172,48,128,Moment across why western occur shake green approach.
173,96,184,Financial father remember growth.
174,31,5,Reality change cell individual soon.
175,15,98,Face believe close seem give.
176,98,166,Development ten hard.
177,39,9,Adult take use finish usually figure see.
178,51,174,Help large institution.
179,95,58,Health parent fly method.
180,20,158,Receive southern prepare remain without game good research.
181,62,80,Democrat military shake senior consider.
182,23,166,Lead western lay network partner either put.
183,17,76,Source decide per glass.
184,43,96,Letter whatever sense week example.
185,74,132,Alone look hot success.
186,72,4,Join sit stand simply wall describe.
187,99,192,Certainly fly remain hand whatever issue.
188,80,167,Finally find its suddenly test technology tough.
189,25,168,That accept north reduce father should hour.
190,9,118,Up fill red leg author occur owner kid.
191,40,137,Management democratic performance court thus carry.
192,56,151,Attorney yourself tough performance most.
193,19,194,Throughout plan section could claim day you.
194,67,156,Democratic finish success realize above.
195,17,115,Lawyer find free experience.
196,7,139,Amount face wrong again mission.
197,4,167,Floor hard however small thus include science.
198,43,162,Sense hotel nothing property yard gun.
199,37,53,Forget along member yard act campaign family.
200,1,170,Institution away run mission thank if relate.
201,83,50,Live place picture dog country.
202,91,107,Bag trip left improve.
203,73,39,Detail class name positive kitchen nor current.
204,78,143,Really health represent myself smile.
205,36,78,Center listen voice dark small study.
206,44,101,Road information case.
207,33,171,Doctor wife key body our future.
208,94,148,Serious yes owner tonight opportunity.
209,81,183,Find these position same others night.
210,96,53,Evening know interesting spend final service.
211,88,148,Matter clear soldier right meeting team lawyer chair.
212,27,96,Feel change issue eight begin.
213,47,93,Budget management food assume challenge moment forget.
214,56,1,Much mention season.
215,7,91,Whom lot five a music.
216,45,148,Position threat action likely pay understand heart with.
217,47,162,Particular that forward particular protect wish collection.
218,5,168,Recently local answer water get center both.
219,76,190,Go major skin day.
220,96,69,Personal might tax bad rest into very present.
221,21,137,Walk less game figure half possible.
222,4,92,Pull few born.
223,61,107,Energy partner military career into decision.
224,67,42,Arrive as environmental.
225,1,124,Body night artist cold car.
226,28,132,Save fast family carry begin country debate.
227,25,104,Economic key cover information prove.
228,68,26,Card else Democrat bank who prevent.
229,22,67,American mention street either.
230,11,137,Billion forget difficult evidence available stuff.
231,40,16,Community government those stand.
232,23,140,Small religious drug center.
233,6,89,We glass ok skin turn.
234,99,33,Part billion let coach risk threat involve.
235,34,149,Every director standard something back.
236,87,139,Me off citizen happen.
237,20,40,Chair type order draw fund result.
238,75,142,Or city laugh deal ago many.
239,77,171,Factor quite tax.
240,42,58,View offer break hot important wall.
241,41,111,Few need forward brother.
242,83,99,Sign help write.
243,88,112,Reality heart team how set.
244,11,39,Degree long style start myself outside his.
245,79,95,My against activity identify.
246,89,80,Blue which drop hard along job early.
247,13,71,Above own clear treatment.
248,44,48,Buy several firm.
249,75,89,Budget successful though born while only character.
250,84,132,His ground good student appear hotel.
251,38,101,Dream drive son already.
252,86,24,See better it can action much.
253,87,6,Especially lay stage great strategy reason pretty enjoy.
254,8,146,Girl various but down reflect property rise degree.
255,6,190,Style Mr size us close summer seven show.
256,89,26,Reach team kid finish or.
257,87,198,Gun apply hot improve score lose or.
258,39,96,Nice blood race state sit response.
259,60,96,Sign music poor financial.
260,40,78,Evening next executive southern various.
261,35,171,Happen base defense couple national world.
262,68,106,Family him between control practice protect base.
263,57,104,These realize artist less personal.
264,13,6,Keep line simply white indeed its operation.
265,45,105,No organization clear summer add including.
266,10,96,Arm tax including quite prevent evening example hour.
267,5,7,True girl civil court present even.
268,1,199,Ground next where fight important.
269,63,69,Wear single long source reason huge.
270,73,176,Too sport debate one film join pull.
271,11,29,Board drug leave main trouble effect.
272,65,164,Science strategy Democrat fall thought staff.
273,43,182,Less with within create financial all amount.
274,20,113,Necessary floor old specific week citizen hold.
275,3,161,Activity drug increase exactly.
276,75,137,Radio run make center town interview nearly.
277,91,125,Everything Mrs land expect join bit.
278,2,63,Kid unit scientist resource.
279,88,83,Theory include group glass have.
280,74,134,Several present specific administration apply eat stock.
281,85,34,What from career sometimes whole teach.
282,88,39,From administration lose result method amount not.
283,57,57,Point require show trial there.
284,11,53,Discussion common hotel western treatment table alone customer.
285,30,169,Along little more set.
286,3,26,Structure rich federal owner realize soldier.
287,85,155,Television management above number else listen.
288,2,139,Time once cell high want entire put what.
289,78,62,Property station agent.
290,69,125,Quality police power listen note everyone peace.
291,19,90,Although whatever floor child degree writer.
292,92,5,Learn half move head purpose sing measure.
293,23,134,Music station wonder American Mrs radio.
294,55,199,Investment hard last rock need which.
295,31,135,White time middle positive ball.
296,48,105,Special black visit heavy change receive note along.
297,79,37,Town character hospital wait surface south generation difficult.
298,69,111,Thus project because cup them likely argue.
299,61,102,Production as matter girl check scientist attorney real.
300,66,110,Listen himself base cover toward page education great.