corey72,D=2epA{3,corey72@example.com,1
keithjenkins,nRc*8=vq,keithjenkins@example.com,0
frostwesley,2Ud%3Q&k,frostwesley@example.com,0
gail78,.vZg7T-c,gail78@example.com,0
zbrown,QMhnPm5&,zbrown@example.com,0
andrew93,6z)7La[5,andrew93@example.com,0
brent18,b6@fU6]_,brent18@example.com,0
annamccarthy,bhe(/Vn3,annamccarthy@example.com,0
fmyers,[hS{m@b4,fmyers@example.com,0
jennifer58,P8d[xv_Z,jennifer58@example.com,0
deannavalencia,%V[Y2GMr,deannavalencia@example.com,0
tyler12,?(Ny6y[t,tyler12@example.com,0
michelle30,({27[KmV,michelle30@example.com,0
gaybarbara,5aLp]EGd,gaybarbara@example.com,0
rebeccajohnson,x+E@T4E7,rebeccajohnson@example.com,0
hudsonlaura,3$3JTn*4,hudsonlaura@example.com,0
eric78,{dLZK93L,eric78@example.com,0
steven95,YF9h(zzP,steven95@example.com,0
juanburgess,*PF3jf9Z,juanburgess@example.com,0
frostcharles,D^6_Gp2e,frostcharles@example.com,0
deanstark,2&u]QWH],deanstark@example.com,0
wtaylor,y*Bmm(7K,wtaylor@example.com,0
michaelrivera,7R*DAKr{,michaelrivera@example.com,0
kkaiser,TWcv@yw7,kkaiser@example.com,0
shannon20,xx8>eJuR,shannon20@example.com,0
eric07,8RUh[y(C,eric07@example.com,0
smithwilliam,j62_]cgV,smithwilliam@example.com,0
zmartinez,6g)+5Ps{,zmartinez@example.com,0
karigreen,2PMa8@^K,karigreen@example.com,0
dbaker,5_VC+)zT,dbaker@example.com,0
johnwashington,p7)9BfF8,johnwashington@example.com,0
ericabell,7W+9AHu7,ericabell@example.com,0
gonzalezkaren,BMM5Z*Tu,gonzalezkaren@example.com,0
nhubbard,2$FS(4Mh,nhubbard@example.com,0
djohnston,LNmT4Q.H,djohnston@example.com,0
ianjohnson,4X-Q?w)=,ianjohnson@example.com,0
vbrowning,F(BKM7q6,vbrowning@example.com,0
frodriguez,Mpgk5>DU,frodriguez@example.com,0
davidmcconnell,[P]4Cx.?,davidmcconnell@example.com,0
brianmoon,cj.%mX5q,brianmoon@example.com,0
carolynmccullough,U{-y?x2_,carolynmccullough@example.com,0
caldwelleugene,wGPdx&?5,caldwelleugene@example.com,0
erikabowman,pQ9n8=MZ,erikabowman@example.com,0
jennifer27,z6TFB9@c,jennifer27@example.com,0
ckirk,Z>_c-cV6,ckirk@example.com,0
cwilliams,(3WgAa_N,cwilliams@example.com,0
howardjonathan,U8T3$amw,howardjonathan@example.com,0
danielramirez,}.Zv22+7,danielramirez@example.com,0
gyoung,fXv!6n^),gyoung@example.com,0
christopherjohnson,2[@UcDzM,christopherjohnson@example.com,0
kingkristin,uyEAp6e),kingkristin@example.com,0
tmitchell,t@.Z[48f,tmitchell@example.com,0
velasquezdakota,[*]6aFNL,velasquezdakota@example.com,0
iferguson,?}P6Mgu],iferguson@example.com,0
gkirby,A8LP/5dU,gkirby@example.com,0
peter11,R9u6eM=x,peter11@example.com,0
michele59,3+Fxzf}c,michele59@example.com,0
rodriguezjocelyn,V^J%xB5F,rodriguezjocelyn@example.com,0
steven74,rq2Pzaq),steven74@example.com,0
chase57,h.=47qEn,chase57@example.com,0
tsanders,>}7aM4V2,tsanders@example.com,0
brianhernandez,t@eZ4PxF,brianhernandez@example.com,0
joshua20,6Qds_wYB,joshua20@example.com,0
bautistaashley,h2%p.V[g,bautistaashley@example.com,0
yadams,k=Z7w?Q),yadams@example.com,0
matthewhall,!p3St6/k,matthewhall@example.com,0
nicholas15,9jfrD]Eh,nicholas15@example.com,0
martha42,/CvgG6r5,martha42@example.com,0
tgarrett,s5hL{&7A,tgarrett@example.com,0
bryanwebb,b7J(U>=>,bryanwebb@example.com,0
hughesdebbie,?jY}6R&*,hughesdebbie@example.com,0
marquezlaura,T2/(y?^K,marquezlaura@example.com,0
shari67,y.9{bm{X,shari67@example.com,0
colemanbrandon,KSE3!Bwu,colemanbrandon@example.com,0
griffinmichelle,h.x6b%Zu,griffinmichelle@example.com,0
pdavis,Z^6xrXF@,pdavis@example.com,0
gary97,?nt(-4G{,gary97@example.com,0
duartevanessa,[b?5-J=D,duartevanessa@example.com,0
morrisonpamela,7zH){s-N,morrisonpamela@example.com,0
figueroaderrick,3/(_Jp(),figueroaderrick@example.com,0
ijenkins,mq3{cEY{,ijenkins@example.com,0
kelsey93,aC@6C=x.,kelsey93@example.com,0
bcampos,d2@=gH3[,bcampos@example.com,0
davisdorothy,&vaBRb_9,davisdorothy@example.com,0
andrewrandall,*nxbm4/K,andrewrandall@example.com,0
maddendouglas,j@9T-ewX,maddendouglas@example.com,0
pachecochristopher,^*$Z6f4{,pachecochristopher@example.com,0
jeffrey56,3SG+y+qz,jeffrey56@example.com,0
bianca20,f/]v7%CZ,bianca20@example.com,0
julian67,kh6}?sXU,julian67@example.com,0
christianlewis,j]3TqX2N,christianlewis@example.com,0
rogerdaniels,tG_4J(pu,rogerdaniels@example.com,0
robertsshaun,P.3e>mfk,robertsshaun@example.com,0
adriennehardy,r9t=}W((,adriennehardy@example.com,0
stacyrussell,E_p7W5g$,stacyrussell@example.com,0
tmoon,SP]9YFYc,tmoon@example.com,0
parkscindy,K!Wg5)4N,parkscindy@example.com,0
garrettjohn,SAs+3rGp,garrettjohn@example.com,0
hayesscott,aZ(c2XvB,hayesscott@example.com,0
psilva,Yvt9y@wR,psilva@example.com,0